radius,angle,strength,density,velocity,bearing,entry latitude,entry longitude
39.7428334264129,32.13475979605137,4766034.212859022,3179.148504415081,13205.655319511345,288.51023892640336,52.00747221314236,0.31277048132527663
43.83274635876594,31.759348761728198,4625495.225178738,2481.5972340375774,14768.160496114335,287.66946768094795,52.006106974330514,0.3220599750463276
36.06118477991912,27.630065868659894,3577706.917981408,2771.927057559917,17213.646236708966,291.7201933318884,52.051997811546734,0.10918166264538848
38.205878742168714,30.88210749035377,3578907.468121595,2467.9427516697215,16545.941100586024,290.6090095779951,51.98795956914651,0.39979601940992326
34.26302701474058,28.392251917028688,4771052.256968307,2742.8304351338606,18017.790064653447,291.1849489657924,52.04615057362323,0.13661477930224045
39.13220607473125,27.022804477097505,3593525.3909993847,2715.9073035994097,17531.611242430976,291.12634698885876,51.98273828529858,0.4206493263256116
39.029641298891825,33.12127870036139,5539237.406755028,2652.600536558337,16663.801215707466,291.5051801755431,52.042066908061386,0.1558618915134486
34.26383449297245,28.561501218937288,4907166.512889248,2999.843761914505,20676.510382119835,290.2529125245185,52.060651977906886,0.07527282611574147
45.49694680337549,24.393773580932574,4796891.491880894,3178.8719335100172,17257.328055048267,291.08733096863773,52.009194723574474,0.3040293900384411
44.058408090271115,35.158492995133685,3737066.240139254,2587.9031116378,17964.3039518631,290.129842358354,51.98821123121864,0.3810233928980415
41.98330438846199,28.833805222120684,4092218.546870158,2665.2860124664253,15415.69375971546,289.00905932649994,52.012743494566735,0.2855155069846899
32.87721313887406,31.617294625440888,3801376.041293896,2366.531414596618,19364.161466478472,289.1357319465166,52.006025574715,0.31072337077005924
44.06689350342788,27.112238111217096,2397644.068653267,2345.105841143723,19565.263658537417,292.137530792983,52.007582943605584,0.303661133216682
38.78353445749746,32.10149062024684,4109598.7799677504,2623.7577784413274,18958.37592644606,290.72112134268394,52.03905090287128,0.18068692391877647
41.312715681673,26.05134752073476,3512965.135070012,2868.9853657192866,16190.785376741007,289.36598889310574,52.00182228591391,0.33252343692491265
36.26709953262852,31.035694668905684,3373694.372833766,2881.3860266888732,18171.85319132824,289.67492838503824,52.00653822713972,0.31765757179922305
43.60718154470593,27.298589732823654,3785212.298141678,3107.2716896450347,15606.850304942202,289.39374318980555,52.01681469410765,0.27329545067671834
38.70728310823316,31.916535728879126,3335128.5448667468,2527.590610000105,17497.527508397612,290.2933959742167,51.99082943908526,0.38211042559893044
43.30368606956251,29.820030146273176,4569028.072246996,2913.3081306148847,16666.28706648327,288.697212813545,52.008381440952775,0.30820960430033223
46.15033178730687,24.332945948949657,4383714.43691386,3033.6703087314468,18687.595695502943,287.95895783318895,52.03047520966176,0.2048903258466386
40.44273088494597,28.55767412327666,4926254.663363327,2358.132359094721,17446.28338151361,289.66424354237216,52.06417331092386,0.05607437439178839
39.945223227912194,20.49850742325862,2809328.901850706,2361.089313843297,16414.5751879225,289.9068829319664,51.98938844015932,0.3951458955644477
40.268288516150946,26.147378969831074,5016904.309596968,2494.5897309033166,14823.209927721322,288.42293590246254,52.052728972115645,0.10535859664723606
35.47495294349619,31.167608371031857,4510298.796776221,2270.322411864713,16198.003189321089,291.2977671499543,52.041699903247114,0.15544916163515676
42.128411179936805,32.64194625032864,4944841.283682554,2568.3296724628467,15393.205334153141,290.8372160655527,52.04640964576921,0.13310848374839354
37.62519881195109,31.94630128276181,3320305.620777751,3271.039854944824,16093.47328590163,291.9439390327133,52.06846488237388,0.033288167534098516
37.53434768774311,26.617184780001548,4556841.236730534,2629.927147706052,18685.66899634383,290.088762252312,52.02373606615386,0.23743958024600278
38.493656979021445,31.875913987869442,4875098.847639427,2901.4609362839174,17080.858277235086,289.4411178864112,52.05878024850517,0.08099423034839927
38.75964765023136,30.487865221038028,5050295.651679516,2698.9398319203033,16058.170961173983,287.2555706603834,51.99224128890794,0.3777462374433512
43.75580993533461,32.99996828032856,3794955.346951596,3308.7271300255543,14433.487064008677,289.10962040818686,52.01923381547372,0.25970187159655983
38.414402066291146,30.61113250264122,4340420.012698414,2297.983924796133,16503.76473030317,288.84641055496536,51.9921013767046,0.3737236833779627
45.32359318747481,27.10343937573737,4192752.994971611,2782.9761729846587,16181.40242031064,290.148491012192,51.982860860401956,0.42068461931036344
44.21443294207435,32.31577390668704,2732376.663820999,2860.601608337202,16537.060778270617,291.18453674942685,52.03175169067448,0.20291249226397232
37.82250800089399,32.32644873518241,3226177.778097478,2904.236088005483,17508.624523723898,290.2902104138989,52.005827327339304,0.31498825455041035
37.450326184319195,28.909120058033125,3491771.7529962985,3277.684940251196,18296.32110493576,290.95294545770247,52.04517626577011,0.1421509567892106
35.498996489730345,31.461271492068093,3576702.13323808,3104.474631494815,14312.70472190068,289.80899674353884,52.039871196431335,0.15869139024383566
37.558730370571624,32.958895059407965,3854432.3706489676,2430.3513285949507,18574.733098128727,289.5327219753288,51.997234619901775,0.358375023903288
37.31025008763225,30.84938331205824,4859372.919450663,2747.2567016894973,17468.294416392124,291.97013619312077,52.0158480663834,0.27924408959776054
50.36675724774424,30.532928180284877,3246069.647927075,2672.832836939951,19232.632817334612,289.9582908660857,52.02343883032523,0.24213138756699698
45.28740257574249,32.405447825282295,4948385.284951869,2419.029977044365,20068.012668128827,290.28175383672993,52.03607822976322,0.1813049344783262
41.70877913445821,35.756264095506936,4435238.807637235,2835.826108560351,17047.379229116028,288.5237510324755,52.059697556916696,0.07763864125318116
39.56865157617334,27.738960146858,4551485.824285268,2852.5541371038175,15142.580802939947,291.86295332928887,51.970165244377675,0.4762369852945255
33.48851363561269,31.463998488170432,4065401.0950925592,3634.751254960013,20082.179667703007,289.38216652759553,52.07962755275561,-0.005133985554008216
39.42215451024172,30.79748584304139,3614666.6163600576,2913.288214066887,15771.569306318263,290.1510920086424,52.022778961365084,0.24005932122507656
47.17770086569087,28.703837068296732,3577360.3845252777,2542.0405601495045,17733.09201791695,289.9679864827235,51.98774988817124,0.4019347953501183
35.313822213517284,31.696239037198225,3658839.0567896226,2949.7454130693086,15286.355462761283,292.0770067656957,52.06044149612985,0.07193565691005567
37.53622084385854,28.802729329186047,5092681.016080353,2572.4603173637943,18412.247992567765,290.949969816863,52.02961025541871,0.21366404807652772
48.236302845817164,28.805880197699363,4353916.4003069345,2344.5354925324627,19977.681783465003,288.26442796018534,52.02004134598617,0.25822599991000905
44.571400773447124,32.11377826201959,4003302.7082759985,3102.9542011875683,16492.360976381235,289.43310795744475,52.034050246891155,0.19821029260699363
37.614088170067575,28.14110533651776,4478675.594937243,2623.0346077023773,17513.744488771456,291.28737855354814,52.06005131006584,0.07115520741417078
40.97637399673575,28.996739370008576,4345758.697740151,2507.7535470223233,20245.830323636346,288.97137243466227,52.058600729877085,0.08242563957582023
36.57355898776421,29.691390864768415,4152103.9681078917,3123.116623584863,20494.622875696034,289.3043095518496,52.01111018136327,0.29251062412949086
38.457254071127544,33.44470185925662,4940339.938426895,2569.5082143849736,15750.05821189914,289.1739329295444,52.03044011907205,0.21478730789890796
40.56516056091517,32.90294080596289,4462883.573854596,3046.137113893204,17246.8072636437,290.5907186567896,52.027557323919915,0.21839001879299483
40.73797815628748,31.14914302538094,5270240.616598996,2488.2483359079597,13907.465304189816,290.3797414844908,52.03939217396447,0.17080999398810842
38.588277544769134,27.728588837892783,2919746.7758303806,2310.7430231555604,17996.169369176696,289.00858828905604,52.054017203217356,0.10732822702568072
45.64286844926168,31.813178929142953,3763996.5148270023,2520.3042455978766,14765.194933205084,290.67778974939245,52.027436750517175,0.2261176665504311
38.84967496337118,29.696089974896964,4664972.59516412,3187.863510681254,20985.35352266009,288.10293794222645,52.032043792296754,0.19769421679010155
39.65585990078729,33.71488596046127,4878065.298235989,2690.941760634715,18368.789291609515,287.64444167515694,52.02892841792534,0.21391154615195068
41.848172820421624,33.26951355508085,3231055.061081442,2864.4876391732696,14957.917569202955,289.0756065995616,52.037835392158364,0.17937795933514186
39.82260084043262,20.993500897525003,3343209.2392648957,2831.771731357157,14178.032277893786,289.8459020905152,52.008473419882584,0.30529774281900857
38.706039320732934,22.11771985287432,3983537.8764711586,2945.7220533507198,17157.28291108282,291.93392124418085,52.03110721036262,0.20801639274540895
36.49921497364132,28.15161211171926,4297121.062610937,2384.013156137929,12474.533096923173,288.73764727100075,52.02180798078129,0.24809966234475372
37.180874329558954,28.878910423424966,3618779.230086955,3229.089304385229,14320.954206558583,290.32354112989924,52.062777600307314,0.06259972026257335
40.309865237271445,22.746493671762217,4948300.949234404,3133.8898327062857,19775.19801302972,290.6794360309336,52.051281592981745,0.11691576533869215
42.447333812529244,26.697079607259237,3264399.618987567,2965.5047019792987,19625.771336255002,288.84598906394154,52.04005593232274,0.16813094203627524
42.01177017758406,26.32139173109802,5588512.3248476945,2763.5635847228186,18873.41820702021,289.4352162249006,52.06361694487829,0.06001774940161329
39.41287522101426,35.22743388457357,4423573.883103954,2863.1589901916773,18039.288956676173,291.4580218776208,52.00518230512365,0.32110946834732185
38.97043329811453,24.423687260774443,4273115.62714503,2739.7807639567686,20123.85672659192,291.79395163677304,52.06626490905172,0.052902725835084145
46.430073599480835,28.611256865524002,4284314.061938837,3167.897555899351,13605.828061933613,290.0693144649372,52.01743224645684,0.26546636493133646
39.10710639938527,33.41589686511613,3634895.0337648867,2939.487371617346,17655.50382330646,289.5105815065851,52.026917121797865,0.2190715077832849
39.35771594678541,26.11026408621613,4330032.996989513,2585.2891640603434,17342.214060827282,288.1309934566226,52.05199149611999,0.10845049068954586
42.66335924215273,32.76268230773337,4389030.691928191,2947.6215747038855,15978.231785828528,292.5726996684966,52.01796628302684,0.26239723026313344
38.50797770360623,30.79441814849691,4872326.103532561,2665.6671203160777,15529.229092278174,291.0913045927971,52.06413971658519,0.056986021955470395
41.30030866792613,31.80181916608669,4240252.403705941,2366.0504737749693,17608.94173163538,290.11312636995837,52.052108089768936,0.11242110516206344
39.29252577801528,31.78711654007946,4184161.6234405115,3160.006330911287,16372.04513540498,289.4180681627905,52.042996802601856,0.15129396614565563
41.834969247663956,30.0255414822344,3625365.6563089793,3203.6126279668847,15085.234275217612,290.14780322905244,51.977401127386436,0.4469850061017472
38.46688803122967,30.021040455168997,2945460.956177048,3042.8076838767133,16573.351935405706,288.09731535711774,52.05347082117672,0.10704975977739756
32.04569727824923,30.18640211886925,4772970.174017914,2723.2006647705043,17027.37532036412,290.6277953737729,52.04585875999189,0.13144114171214152
42.086520965753394,27.764439434703224,4495192.430661679,2706.40983690332,14541.896036691047,289.988268884468,52.02368343769815,0.23507812666394612
37.63879416463804,24.74198213177252,4227049.533078107,3280.49952225676,17038.163124481092,288.10637248107264,52.02099829538004,0.2448159032460488
36.24619257337719,25.669890901860583,4383663.455344446,2683.408169426671,19487.803488726106,289.4344403445946,52.057809986959526,0.08596078242180667
44.40866871166268,31.016246439639087,4185845.352366052,2534.4384686618496,20226.763232057594,291.52422078594367,51.97867725940451,0.44664845705531847
37.25003252533603,23.634273712929147,5425007.841324468,2647.8850875139037,20993.761220957378,291.2050423783038,52.03174667134997,0.20420185144460076
37.872397653700695,33.168331850106846,3896655.5927812723,3106.0606740770254,20402.87507724078,288.4989503597515,52.01241611076439,0.28933284512545976
40.7737479203057,24.066059988909997,3096345.640265368,2456.582783510254,17316.29202326942,351.12834895460646,52.07151423232369,0.15383868114522542
44.00105519202048,33.319126325398585,3492044.80905179,2648.7524542014617,18438.541214650944,288.3135221390043,52.022062384520055,0.23332512350262424
37.37633304700355,33.473311807950935,4629553.11962176,3173.8969638487333,17602.665638843067,289.96164844294606,52.01904058282534,0.26683873208111186
39.66343980604172,33.39341380319165,5000285.934807372,2881.874824375365,16376.622490067371,290.211395221861,52.068928053549115,0.03123900406319737
35.50564326015496,30.09451538269504,4025723.338138662,3183.7257480677554,17515.79285402515,289.1612862378455,52.04488272779404,0.14623503146809727
36.036639909199565,33.185163201896906,3691103.7372772186,2818.0630281360613,18653.527681850348,288.6659598621256,52.01438609694732,0.27923608431274144
39.65604766125343,30.6893762862715,3897437.5045182863,3516.9189084100894,16723.70779671611,289.71094494294834,51.996516587146594,0.35819363322554576
40.150486028256964,29.164285953491632,2903341.2938126833,2979.665618716956,19333.515686213348,289.86045337706065,52.046350867000676,0.13234473685534098
42.61281979135662,24.47482697153367,3841019.726900707,2368.6202620346044,18575.846258396377,291.1913257821141,52.045026793117266,0.14765687964222768
32.239381606127544,32.62068224680238,3755824.7699313364,2986.888733358841,14868.594424300263,291.25194114223183,52.08166485456361,-0.016468411780221414
34.992549001772325,32.069536487342496,4036823.164415472,3029.77971530206,16747.160461091422,289.2197881770756,52.0217431964511,0.24217450390154036
42.96375221227282,27.48623288205269,3621465.7827859893,3305.998916413697,16190.652468393575,289.4235005446474,52.02928389585504,0.21072870770134872
46.4792463316065,30.65900291852274,5060324.830520384,3264.5153559268615,17095.652021720663,289.6644587815833,52.03123563957581,0.20609617859916862
40.502383938735164,29.778949051547933,4106964.411619478,3017.8890622447107,17800.962832258047,289.9553662740095,52.02575675847213,0.22654306277453262
42.97504300970447,24.213628645875538,4453259.840638411,2479.1302874524313,15829.775316664163,288.39599208256567,52.00207947636522,0.3304402588255124
